S.No.,Name,CMP  Rs.,P/E,Mar Cap  Rs.Cr.,Div Yld  %,NP Qtr  Rs.Cr.,Qtr Profit Var  %,Sales Qtr  Rs.Cr.,Qtr Sales Var  %,ROCE  %
1.,Reliance Industr,1467.00,28.53,1985213.21,0.34,22611.00,2.41,261388.00,10.51,9.43
2.,HDFC Bank,1979.55,21.41,1517901.84,1.11,19284.57,6.88,86779.34,9.25,7.51
3.,TCS,3447.75,25.75,1247426.08,1.74,12293.00,-1.69,64479.00,5.29,64.63
4.,Bharti Airtel,1967.85,42.62,1180343.35,0.83,12475.80,185.61,47876.20,27.33,15.36
5.,ICICI Bank,1425.20,19.88,1016883.97,0.70,14353.69,15.69,48386.92,13.57,7.88
6.,St Bk of India,799.60,9.22,713612.63,1.99,20379.46,-8.34,126997.00,8.11,6.47
7.,Infosys,1614.90,25.33,670863.96,2.70,7038.00,-11.75,40925.00,7.92,37.50
8.,Life Insurance,950.15,12.48,600969.60,1.27,19038.67,37.55,243134.49,1.85,53.48
9.,Bajaj Finance,929.00,34.75,577307.13,0.48,4545.57,17.13,18456.85,23.65,11.29
10.,Hind. Unilever,2278.00,51.42,535236.88,1.89,2475.00,2.61,15670.00,3.02,27.85
11.,ITC,416.45,26.28,521150.50,3.45,19807.88,3.97,18765.00,10.14,36.98
12.,Larsen & Toubro,3616.00,32.72,497330.01,0.93,6155.82,19.34,74392.28,10.90,14.49
13.,HCL Technologies,1717.00,26.81,465936.28,3.17,4309.00,8.10,30246.00,6.13,31.88
14.,Kotak Mah. Bank,2199.15,22.74,437251.83,0.09,4932.76,-7.58,16771.93,10.66,7.64
15.,Maruti Suzuki,12775.00,27.78,401649.24,0.99,3911.10,-1.04,40920.10,6.37,21.76
16.,Sun Pharma.Inds.,1670.00,34.92,400689.01,0.95,2153.93,-13.13,12958.84,8.14,20.19
17.,M & M,3212.15,30.93,399440.10,0.80,3541.85,19.65,42599.31,20.16,14.07
18.,Axis Bank,1213.00,13.42,376160.71,0.08,7509.10,-1.63,32452.32,7.35,7.11
19.,UltraTech Cem.,11734.40,56.55,345788.26,0.59,2474.79,7.44,23063.32,12.95,10.93
20.,Titan Company,3651.60,97.11,324184.02,0.31,871.00,12.97,14916.00,19.39,22.17
21.,Bajaj Finserv,2011.00,36.20,321320.27,0.05,4756.32,14.07,36595.36,14.21,10.96
22.,Hind.Aeronautics,4794.70,38.35,320657.54,0.73,3976.63,-7.71,13699.85,-7.24,33.87
23.,NTPC,330.25,13.73,320232.31,2.33,7897.14,23.38,49833.70,4.63,10.76
24.,O N G C,241.90,8.41,304317.02,5.01,8856.33,-34.02,170811.73,-0.77,12.42
25.,Adani Ports,1393.00,27.99,300907.27,0.50,3023.10,29.88,8488.44,23.08,13.80
,Median: 501 Co.,894.55,42.03,31622.25,0.45,211.0,14.87,2060.64,10.6,15.99
26.,Bharat Electron,406.00,55.81,296777.07,0.53,2127.02,18.39,9149.59,6.84,38.99
27.,Adani Enterp.,2524.80,66.41,291407.59,0.05,4014.90,88.79,26965.86,-7.59,9.45
28.,Wipro,269.40,21.50,282377.07,2.25,3588.10,25.93,22504.20,1.33,19.51
29.,Avenue Super.,4282.90,103.01,278702.45,0.00,550.79,-2.19,14871.86,16.86,18.02
30.,Power Grid Corpn,290.50,17.36,270182.55,3.91,4142.87,-0.56,12275.35,2.48,12.89
31.,JSW Steel,1024.45,65.78,250524.51,0.27,1501.00,17.42,44819.00,-3.13,8.03
32.,Eternal Ltd,258.65,473.53,249606.36,0.00,39.00,-77.71,5833.00,63.76,3.18
33.,Tata Motors,674.25,8.89,248222.67,0.89,8556.00,-49.58,119503.00,0.39,19.97
34.,Coal India,391.65,6.85,241363.29,6.46,9592.53,12.45,37824.54,-1.02,48.04
35.,Bajaj Auto,8390.00,31.99,234297.16,2.52,1801.85,-10.42,12646.32,9.45,28.14
36.,Nestle India,2406.00,75.00,231976.19,1.13,885.41,-4.45,5503.88,4.49,95.66
37.,Asian Paints,2278.45,55.74,218548.39,1.09,700.83,-35.15,8358.91,-4.26,25.72
38.,Interglobe Aviat,5646.45,30.11,218241.09,0.00,3073.40,62.28,22152.00,24.27,19.56
39.,Trent,6132.40,151.85,217999.14,0.08,311.60,18.57,4216.94,27.88,30.71
40.,Adani Power,556.25,16.75,214542.18,0.00,2599.23,-5.04,14237.40,6.54,22.54
41.,DLF,854.85,46.18,211602.02,0.59,1282.20,39.40,3127.58,46.50,6.51
42.,I O C L,142.05,16.57,200592.23,8.53,8367.63,57.76,195270.29,-1.70,7.37
43.,Tata Steel,156.50,58.84,195367.25,2.34,1200.88,90.93,56218.11,-4.21,8.83
44.,Jio Financial,303.40,119.54,192758.59,0.00,316.11,1.76,493.24,17.97,1.47
45.,Grasim Inds,2830.95,50.93,192649.08,0.36,2973.26,-3.01,44267.26,17.34,7.60
46.,Hindustan Zinc,442.15,18.08,186822.48,6.57,2976.00,45.74,9041.00,19.75,60.81
47.,SBI Life Insuran,1845.30,76.62,184963.89,0.15,813.51,0.33,23070.95,-36.37,16.88
48.,I R F C,139.50,28.04,182305.63,1.13,1681.87,-2.06,6723.23,3.83,5.83
49.,Divi's Lab.,6583.00,79.75,174758.03,0.46,662.00,23.05,2585.00,12.24,20.44
50.,Hyundai Motor I,2128.90,31.49,172981.80,0.00,1582.56,-4.05,17561.95,2.51,54.22
,Median: 501 Co.,894.55,42.03,31622.25,0.45,211.0,14.87,2060.64,10.6,15.99
51.,Hyundai Motor I,2126.00,31.45,172746.16,0.00,1582.56,-4.05,17561.95,2.51,54.22
52.,HDFC Life Insur.,785.50,93.44,169251.22,0.27,475.36,15.48,24190.65,-13.73,7.43
53.,Tech Mahindra,1704.35,39.28,166880.48,2.62,1141.90,72.75,13384.00,3.98,20.08
54.,LTIMindtree,5430.00,34.97,160917.80,1.21,1128.60,2.60,9771.70,9.88,27.63
55.,Adani Green,980.00,95.52,159014.52,0.00,383.00,75.71,3073.00,21.61,8.70
56.,Varun Beverages,460.30,55.93,155669.62,0.22,731.36,35.22,5566.94,28.94,24.85
57.,Solar Industries,16978.55,126.94,153639.06,0.06,346.11,37.09,2166.55,34.51,36.82
58.,Eicher Motors,5575.75,32.27,152916.19,0.92,1362.15,27.25,5241.11,23.15,29.77
59.,Pidilite Inds.,3004.55,72.97,152826.03,0.54,427.52,25.89,3141.14,8.25,29.86
60.,Bajaj Holdings,13675.00,23.35,152189.12,0.68,1750.79,-36.47,145.26,-88.01,9.94
61.,Hindalco Inds.,673.15,9.19,151272.07,0.51,5284.00,66.30,64890.00,15.89,15.21
62.,Macrotech Devel.,1458.00,52.68,145501.04,0.15,922.80,38.50,4224.30,5.12,15.62
63.,B P C L,319.95,10.20,138810.48,6.54,4391.83,-8.12,111230.21,-4.57,16.25
64.,TVS Motor Co.,2916.05,62.75,138537.78,0.35,697.51,68.86,11542.00,16.09,19.43
65.,Ambuja Cements,559.05,33.27,137700.84,0.37,1282.24,-3.56,9888.61,11.18,10.50
66.,Britannia Inds.,5706.05,62.57,137440.60,1.30,559.13,4.20,4432.19,8.92,53.01
67.,Power Fin.Corpn.,413.20,5.91,136360.28,3.78,8357.88,12.31,29265.03,21.22,9.73
68.,Cholaman.Inv.&Fn,1611.10,31.76,135509.87,0.13,1259.54,18.24,7045.57,30.23,10.34
69.,Mazagon Dock,3192.80,53.41,128791.17,0.44,325.29,-50.93,3174.41,2.28,43.17
70.,Tata Power Co.,402.70,34.44,128676.23,0.57,1306.09,18.16,17095.88,7.88,10.81
71.,Shriram Finance,675.75,15.29,127076.59,1.45,2143.77,10.69,11454.23,20.78,10.97
72.,A B B,5962.65,66.86,126353.56,0.74,474.63,3.16,3159.56,2.57,38.65
73.,Bank of Baroda,239.00,5.98,123595.53,3.45,5446.52,5.60,32345.00,4.10,6.29
74.,Cipla,1510.65,23.18,122016.44,0.86,1214.14,30.29,6729.69,9.19,23.30
75.,Punjab Natl.Bank,106.00,6.53,121825.15,2.74,5011.17,49.28,32523.09,13.39,6.32
,Median: 501 Co.,894.4,42.09,31615.32,0.45,211.0,14.87,2060.64,10.6,15.99
76.,Godrej Consumer,1184.20,64.01,121144.68,1.26,411.90,65.01,3597.95,6.27,19.39
77.,GAIL (India),184.00,11.54,120981.77,3.51,2505.61,0.93,36442.09,11.25,14.00
78.,Max Healthcare,1238.65,106.40,120414.98,0.13,319.00,26.82,1909.74,34.21,14.89
79.,BSE,2792.40,86.14,113407.47,0.22,493.67,364.43,916.97,70.09,43.54
80.,Siemens,3150.45,59.58,112194.04,0.38,582.50,-37.19,4259.00,2.57,23.61
81.,Dr Reddy's Labs,1341.30,19.81,111941.00,0.61,1586.70,21.14,8528.40,19.89,23.13
82.,Indus Towers,415.20,11.25,111893.75,0.00,1779.10,-3.99,7727.10,7.42,29.22
83.,Tata Consumer,1126.15,88.23,111433.80,0.74,348.72,-8.72,4608.22,17.35,9.16
84.,Indian Hotels Co,781.75,66.97,111276.81,0.29,562.66,25.43,2425.14,27.28,17.21
85.,Union Bank (I),144.35,6.02,110191.20,2.51,5011.22,50.57,27869.00,5.13,6.72
86.,Torrent Pharma.,3226.75,56.64,109203.01,1.01,498.00,14.78,2959.00,7.80,27.22
87.,HDFC AMC,5094.95,44.30,108985.86,1.77,638.73,18.05,901.22,29.59,43.33
88.,Samvardh. Mothe.,153.15,28.31,107760.82,0.56,1115.38,-23.41,29316.83,8.35,13.94
89.,United Spirits,1456.15,64.95,105913.18,0.63,421.00,61.01,3031.00,8.91,28.67
90.,Shree Cement,29100.00,93.48,104994.96,0.37,574.99,-14.90,5532.02,2.43,6.74
91.,REC Ltd,398.55,6.56,104947.25,3.97,4309.98,5.66,15333.54,20.95,9.96
92.,CG Power & Ind,675.70,106.18,103319.84,0.19,274.26,14.18,2752.77,25.60,38.09
93.,Muthoot Finance,2572.10,19.34,103260.52,1.01,1443.93,26.76,5621.75,35.01,13.14
94.,Adani Energy Sol,850.15,45.82,102127.02,0.00,713.66,79.05,6374.58,35.43,10.23
95.,IDBI Bank,94.50,13.26,101610.27,1.59,2094.28,25.38,6982.97,-0.17,6.76
96.,Bajaj Housing,121.65,46.85,101362.86,0.00,586.68,53.85,2507.96,25.62,9.54
97.,Apollo Hospitals,7041.40,70.03,101244.52,0.23,414.50,53.51,5592.20,13.11,17.12
98.,Canara Bank,110.65,5.69,100366.73,3.60,5111.23,28.30,31495.57,7.54,6.79
99.,ICICI Lombard,2009.60,39.71,99774.31,0.63,509.59,-1.91,6051.16,12.24,24.86
100.,Swiggy,399.70,,99671.13,0.00,-1081.18,-104.09,4410.02,44.80,-29.20
,Median: 501 Co.,894.4,42.09,31615.32,0.45,211.0,14.87,2060.64,10.6,15.99
101.,Siemens Ener.Ind,2770.00,241.35,98645.36,0.00,0.00,,0.00,,
102.,Havells India,1566.75,66.29,98226.11,0.64,517.00,15.74,6543.56,20.24,25.32
103.,Zydus Lifesci.,975.00,21.03,98107.81,1.14,1243.70,6.44,6527.90,17.96,24.44
104.,Info Edg.(India),1512.75,110.15,98014.22,0.40,677.89,271.00,749.63,14.03,5.28
105.,Polycab India,6439.70,50.23,96899.59,0.55,734.36,33.09,6985.80,24.93,29.72
106.,Persistent Sys,6109.80,68.26,95557.29,0.57,395.76,25.51,3242.11,25.15,31.39
107.,Mankind Pharma,2312.00,48.01,95422.89,0.00,424.65,-9.86,3079.37,27.13,17.93
108.,Jindal Steel,919.00,26.15,93746.17,0.22,-303.59,-41.03,13183.13,-2.25,10.84
109.,Bharti Hexacom,1872.95,69.85,93647.50,0.55,468.40,110.42,2289.00,22.54,17.55
110.,Bosch,31710.00,46.44,93524.35,1.61,553.70,-1.91,4910.60,16.00,21.11
111.,SBI Cards,969.00,48.13,92198.94,0.25,534.18,-19.35,4673.95,7.50,10.40
112.,Cummins India,3318.25,45.99,91981.83,1.57,529.50,-1.74,2470.38,6.53,36.41
113.,ICICI Pru Life,635.00,77.50,91829.84,0.13,385.28,121.85,15687.32,-30.22,11.83
114.,SRF,3080.00,73.07,91298.81,0.24,526.06,24.60,4313.34,20.83,12.27
115.,Marico,704.45,56.07,91296.50,1.36,345.00,7.86,2730.00,19.84,45.58
116.,B H E L,262.10,170.96,91264.88,0.19,504.45,3.03,8993.37,8.88,4.46
117.,NTPC Green,107.15,190.41,90288.07,0.00,233.21,188.09,622.27,22.46,4.87
118.,JSW Energy,507.65,49.66,88725.46,0.40,414.51,18.18,3189.39,15.73,6.49
119.,Lupin,1935.45,26.95,88391.13,0.40,782.38,114.93,5667.13,14.24,21.53
120.,GMR Airports,83.49,,88156.88,0.00,-252.66,-61.54,2863.34,17.02,6.89
121.,Hitachi Energy,19635.00,227.95,87517.85,0.02,183.89,61.79,1883.68,11.11,19.12
122.,Suzlon Energy,64.33,42.23,87392.34,0.00,1180.98,320.40,3789.94,72.57,32.41
123.,H P C L,407.90,12.85,86793.87,5.18,3415.44,26.06,109632.80,-4.40,10.51
124.,Hero Motocorp,4299.85,19.65,86003.75,3.79,1168.75,24.21,9969.81,3.67,31.15
125.,Dixon Technolog.,14139.70,110.40,85513.67,0.03,464.95,138.10,10292.54,120.97,39.81
,Median: 501 Co.,894.4,42.09,31615.32,0.45,211.0,14.87,2060.64,10.6,15.99
126.,NHPC Ltd,84.91,28.37,85292.33,2.20,919.63,56.95,2346.97,24.38,7.39
127.,Dabur India,480.40,48.96,85208.11,1.67,312.73,-8.35,2830.14,0.55,20.32
128.,PB Fintech.,1837.80,267.46,84402.27,0.00,170.66,183.47,1507.87,38.39,5.90
129.,Waaree Energies,2937.70,45.12,84395.17,0.00,644.46,129.68,4003.93,36.38,35.12
130.,Indian Bank,620.30,7.38,83552.12,2.61,2982.03,29.88,15859.63,8.38,6.38
131.,Rail Vikas,399.10,64.95,83213.06,0.53,459.12,-4.03,6426.88,-4.28,14.71
132.,Oracle Fin.Serv.,9175.00,33.57,79727.98,2.85,643.90,14.96,1716.30,4.50,40.61
133.,Lloyds Metals,1522.55,54.95,79666.21,0.07,202.47,-26.92,1193.30,-23.23,38.33
134.,Vodafone Idea,7.11,,77031.89,0.00,-7166.10,6.63,11013.50,3.83,-1.87
135.,Prestige Estates,1748.45,161.07,75311.11,0.10,43.10,-82.14,1528.40,-29.37,7.69
136.,Torrent Power,1460.50,24.70,73595.12,1.30,1077.22,146.27,6456.34,-1.11,16.76
137.,I O B,38.18,22.03,73521.71,0.00,1051.07,30.07,7633.59,15.16,5.95
138.,Godrej Propert.,2405.00,52.07,72434.98,0.00,378.44,-19.70,2121.73,48.78,7.41
139.,Oberoi Realty,1988.90,33.31,72316.91,0.40,433.17,-45.03,1150.14,-12.52,17.73
140.,Oil India,441.25,10.98,71774.07,2.38,1496.97,-38.61,8808.34,-3.70,12.97
141.,Ashok Leyland,244.40,23.20,71768.78,2.58,1245.92,33.61,14695.55,8.52,14.37
142.,Aditya Birla Cap,272.60,21.47,71153.96,0.00,885.61,-29.66,12214.04,13.31,9.34
143.,Adani Total Gas,634.30,106.59,69760.93,0.04,154.59,-7.96,1341.26,14.94,17.47
144.,Coromandel Inter,2347.95,38.57,69226.47,0.49,578.46,89.62,4988.39,27.49,24.09
145.,General Insuranc,384.65,9.14,67482.96,2.59,2498.86,-3.16,13208.55,28.81,15.60
146.,Abbott India,31693.60,47.64,67348.92,1.52,367.04,27.86,1604.59,11.54,46.23
147.,F A C T,1037.00,3002.29,67101.35,0.09,70.72,-52.55,1053.28,-0.80,8.64
148.,Bharat Dynamics,1813.00,120.94,66457.80,0.28,272.77,-5.54,1776.98,108.05,19.65
149.,Berger Paints,568.50,56.14,66281.14,0.63,262.91,17.99,2704.03,7.29,25.14
150.,Colgate-Palmoliv,2417.45,45.77,65751.10,2.08,355.00,-6.53,1462.51,-1.85,105.36
,Median: 501 Co.,894.4,42.09,31615.32,0.45,211.0,14.87,2060.64,10.6,15.99
151.,Aurobindo Pharma,1120.45,18.91,65651.46,0.40,902.83,-7.19,8382.12,10.58,14.27
152.,JSW Infrast,312.00,45.53,65520.05,0.26,515.58,54.79,1283.18,17.04,13.92
153.,IndusInd Bank,829.25,24.38,64603.11,1.96,-2235.99,-195.28,10633.85,-12.83,6.49
154.,Yes Bank,20.25,25.85,63509.31,0.00,744.53,59.33,7623.20,2.22,6.36
155.,P I Industries,4161.65,38.08,63139.74,0.36,330.50,-10.55,1787.10,2.65,22.58
156.,Coforge,1880.00,75.20,62872.03,0.82,307.30,20.36,3409.90,47.08,20.66
157.,Vishal Mega Mart,133.15,98.17,62066.15,0.00,115.11,88.03,2547.89,23.15,13.11
158.,Uno Minda,1071.90,65.69,61544.63,0.21,289.24,-1.18,4528.32,19.35,18.88
159.,I R C T C,767.85,47.92,61428.00,0.91,357.95,17.74,1268.53,9.85,49.01
160.,GE Vernova T&D,2396.35,100.90,61358.57,0.08,186.49,181.32,1152.54,26.15,53.94
161.,Schaeffler India,3922.00,60.39,61302.33,0.70,265.41,16.58,2110.02,14.10,25.67
162.,Bharat Forge,1276.50,60.64,61028.05,0.66,282.63,22.54,3852.60,-7.48,13.09
163.,NMDC,69.05,9.30,60707.53,3.43,1476.71,3.43,7004.59,7.94,29.59
164.,AU Small Finance,807.85,28.58,60180.94,0.11,503.70,16.24,4270.60,50.93,8.40
165.,Patanjali Foods,1634.20,45.54,59240.77,0.49,358.54,73.78,9692.21,17.80,15.47
166.,MRF,139449.90,31.62,59142.64,0.15,512.11,29.29,7074.82,11.43,13.59
167.,Fortis Health.,779.60,69.79,58856.53,0.13,188.02,27.66,2007.20,12.39,11.99
168.,FSN E-Commerce,204.30,884.07,58423.55,0.00,19.05,174.89,2061.76,23.61,9.56
169.,Phoenix Mills,1627.00,59.55,58169.12,0.16,347.70,-17.19,1016.34,-22.18,11.17
170.,Alkem Lab,4849.55,26.76,57983.64,0.82,322.39,0.99,3143.75,7.08,20.42
171.,One 97,894.40,,57071.86,0.00,-544.60,95.49,1911.50,-15.69,-10.14
172.,Linde India,6612.80,125.95,56394.01,0.06,117.90,13.01,591.88,-6.06,17.02
173.,Cochin Shipyard,2135.05,66.56,56169.04,0.46,284.70,7.57,1651.13,34.73,20.13
174.,Max Financial,1626.90,170.22,56146.72,0.00,38.28,174.88,12375.76,-16.87,8.07
175.,Supreme Inds.,4406.90,60.65,55979.47,0.76,293.94,-17.16,3027.07,0.64,22.04
,Median: 501 Co.,894.4,42.09,31615.32,0.45,211.0,14.87,2060.64,10.6,15.99
176.,Kalyan Jewellers,539.80,78.04,55701.70,0.23,187.61,36.45,6181.53,36.61,14.31
177.,Jindal Stain.,673.05,22.18,55443.81,0.44,589.96,18.63,10198.32,7.87,18.18
178.,Glaxosmi. Pharma,3262.15,63.21,55262.79,1.29,262.87,36.37,974.37,4.79,63.25
179.,Tube Investments,2850.05,81.28,55146.73,0.12,158.19,-75.44,5149.96,14.70,21.55
180.,Sundaram Finance,4922.05,29.08,54685.86,0.61,552.98,81.45,2259.05,4.79,9.69
181.,Page Industries,48670.00,74.51,54285.87,1.90,164.01,51.58,1098.07,10.64,59.40
182.,S A I L,128.25,20.41,52974.06,1.53,1250.98,-16.13,29316.14,4.86,6.72
183.,IDFC First Bank,72.21,35.54,52952.34,0.00,295.60,-59.61,9412.94,14.51,6.22
184.,UPL,651.55,48.84,52904.66,0.16,1079.00,826.31,15573.00,10.62,7.76
185.,Bank of India,116.05,5.66,52833.72,3.49,2602.32,65.33,18478.96,13.71,6.17
186.,Mphasis,2753.40,30.76,52383.36,2.09,446.49,13.55,3710.04,8.73,22.20
187.,Motil.Oswal.Fin.,869.25,20.90,52095.35,0.58,-63.18,-108.74,1190.26,-44.74,18.67
188.,Federal Bank,210.40,12.40,51695.36,0.57,1120.48,12.38,7107.95,12.13,7.04
189.,United Breweries,1934.90,111.28,51159.74,0.52,97.76,20.16,2322.98,8.89,13.88
190.,Nippon Life Ind.,792.55,39.10,50330.43,2.28,298.60,-12.92,566.54,20.99,41.07
191.,L&T Finance Ltd,201.30,18.97,50272.33,1.35,635.84,14.98,4022.92,9.61,8.71
192.,APL Apollo Tubes,1795.55,65.81,49830.98,0.30,293.11,71.97,5508.60,15.59,22.80
193.,Glenmark Pharma.,1716.75,36.80,48446.86,0.15,4.38,116.22,3256.20,6.31,19.40
194.,Indian Renewable,171.85,28.37,48276.63,0.00,501.79,48.73,1904.15,36.87,9.57
195.,H U D C O,239.50,17.62,47945.56,1.76,727.74,3.94,2844.99,37.76,9.62
196.,Tata Comm,1673.35,35.99,47690.48,1.50,1040.51,-21.61,5990.35,6.12,14.79
197.,360 ONE,1196.00,43.64,47139.46,0.52,249.60,2.88,820.77,3.74,14.91
198.,Jubilant Food.,713.00,206.42,47046.92,0.17,49.34,-3.91,2103.18,33.64,12.86
199.,Biocon,350.65,48.77,46880.57,0.14,459.40,138.19,4417.00,12.76,6.13
200.,J K Cements,6047.45,59.11,46727.57,0.26,361.33,68.44,3581.18,15.31,13.93
,Median: 501 Co.,897.0,42.18,31594.52,0.45,211.0,14.87,2060.64,10.6,15.99
201.,Balkrishna Inds,2400.60,28.05,46407.74,0.66,368.55,-24.28,2752.38,2.63,18.09
202.,L&T Technology,4364.00,36.69,46247.22,1.25,310.20,-9.01,2982.40,17.53,28.29
203.,Authum Invest,2712.00,10.83,46061.95,0.04,1766.46,17.90,1442.07,62.76,31.25
204.,Container Corpn.,754.85,35.01,45992.61,1.23,298.88,-5.81,2287.83,-1.60,13.69
205.,Premier Energies,1018.55,49.03,45913.63,0.05,277.81,167.23,1620.84,43.87,41.46
206.,Petronet LNG,297.00,11.20,44550.00,3.36,1094.90,43.23,12315.75,-10.71,25.57
207.,Multi Comm. Exc.,8666.10,78.92,44195.62,0.09,135.46,54.16,291.33,60.83,42.86
208.,CRISIL,5955.00,61.68,43548.96,0.92,159.84,16.06,813.18,10.23,35.60
209.,Voltas,1310.60,52.60,43365.81,0.53,235.69,113.02,4767.56,13.44,17.64
210.,Godfrey Phillips,8296.05,37.43,43134.43,0.65,279.61,31.17,1573.39,79.76,29.62
211.,Narayana Hrudaya,2095.90,53.82,42831.98,0.20,197.28,7.80,1475.44,18.39,20.63
212.,Godrej Industrie,1247.20,42.77,41999.70,0.00,416.13,822.49,5779.69,26.55,8.32
213.,Bank of Maha,54.36,7.56,41811.32,2.73,1502.32,22.15,6730.82,23.12,5.72
214.,Thermax,3434.80,65.32,40927.82,0.41,205.55,9.58,3084.93,11.62,16.18
215.,Astral,1503.85,77.87,40398.67,0.25,178.10,-1.77,1681.40,3.46,20.34
216.,SJVN,100.68,48.49,39565.15,1.79,-127.72,-330.35,504.40,4.45,4.87
217.,Dalmia BharatLtd,2094.95,56.03,39293.96,0.43,439.00,38.10,4091.00,-5.02,5.58
218.,Tata Elxsi,6264.00,49.58,39015.11,1.20,172.42,-12.45,908.34,0.26,36.26
219.,K P R Mill Ltd,1127.35,47.27,38534.43,0.44,204.55,-4.24,1768.98,4.26,20.26
220.,Chola Financial,2030.00,17.56,38118.83,0.03,1362.18,19.59,8913.37,26.15,10.57
221.,UCO Bank,30.20,15.47,37869.50,1.32,652.43,24.09,6744.59,15.10,5.76
222.,Gujarat Fluoroch,3442.15,69.27,37812.03,0.09,191.00,89.11,1225.00,8.12,9.88
223.,Endurance Tech.,2685.00,45.62,37768.00,0.34,245.13,12.13,2963.49,10.38,18.21
224.,Cohance Life,981.80,141.84,37560.41,0.00,38.73,-27.43,402.02,58.95,16.82
225.,Kaynes Tech,5845.20,127.71,37458.53,0.00,116.20,43.00,984.48,54.48,14.42
,Median: 501 Co.,897.0,42.18,31594.52,0.45,211.0,14.87,2060.64,10.6,15.99
226.,M & M Fin. Serv.,266.45,16.35,37035.76,2.43,456.19,-31.95,4885.63,14.14,8.84
227.,Escorts Kubota,3305.70,29.26,36983.44,0.83,318.42,12.43,2444.88,6.27,13.59
228.,C D S L,1743.80,69.22,36445.42,0.53,100.40,-22.40,224.45,-6.78,41.93
229.,KEI Industries,3803.00,52.20,36338.62,0.10,226.55,34.25,2914.79,25.11,21.31
230.,Laurus Labs,669.40,112.87,36097.56,0.18,232.77,210.28,1720.30,19.49,9.15
231.,Radico Khaitan,2694.80,104.50,36062.82,0.15,90.71,59.73,1304.08,20.90,16.22
232.,KPIT Technologi.,1293.00,42.18,35446.74,0.51,244.73,49.38,1528.34,15.98,40.88
233.,Central Bank,38.84,9.04,35155.69,0.00,1106.49,35.32,8653.26,3.37,5.45
234.,ACC,1855.75,15.07,34848.60,0.41,751.04,-11.60,6066.52,12.16,17.44
235.,Ipca Labs.,1357.55,39.71,34441.61,0.30,63.99,179.63,2246.69,10.51,15.03
236.,Natl. Aluminium,187.50,6.47,34436.87,4.23,2067.23,203.24,5267.83,47.19,43.96
237.,Garden Reach Sh.,2998.20,65.07,34344.90,0.29,244.25,118.86,1642.04,61.66,37.28
238.,Tata Inv.Corpn.,6788.05,109.97,34344.38,0.40,37.72,-37.62,16.43,-71.23,1.21
239.,Poonawalla Fin,439.20,,34184.02,0.45,62.33,-81.21,1166.27,27.46,4.79
240.,Honeywell Auto,38610.05,65.18,34131.29,0.27,139.90,-5.60,1114.50,17.23,18.40
241.,Gillette India,10438.50,63.73,34019.08,0.63,158.68,60.14,767.47,12.74,58.91
242.,NBCC,125.10,55.37,33777.00,0.44,182.67,21.36,4642.55,16.17,33.48
243.,Blue Star,1640.30,57.94,33726.98,0.55,194.00,21.24,4018.96,20.77,26.05
244.,AWL Agri Busine.,259.35,27.39,33707.18,0.00,190.66,21.39,18229.59,37.86,20.89
245.,LIC Housing Fin.,610.55,6.14,33584.06,1.49,1373.62,26.98,7305.52,5.14,8.93
246.,Go Digit General,354.95,77.11,32766.81,0.00,115.61,119.54,2594.55,15.00,10.65
247.,Exide Inds.,385.35,41.14,32754.75,0.52,187.91,1.15,4335.42,3.89,8.87
248.,Apar Inds.,8080.00,39.51,32455.99,0.64,249.97,5.82,5209.76,16.94,32.09
249.,Ajanta Pharma,2581.60,35.14,32247.32,1.39,225.26,11.12,1170.41,11.04,32.37
250.,3M India,28475.00,67.40,32091.33,0.56,71.37,-55.74,1198.23,16.03,36.98
,Median: 501 Co.,897.0,42.18,31594.52,0.45,211.0,14.87,2060.64,10.6,15.99
251.,NLC India,227.85,12.09,31594.52,1.32,468.46,311.11,3836.00,8.34,10.75
252.,Gujarat Gas,455.30,27.29,31342.41,1.24,287.88,-21.98,4102.01,-0.78,19.16
253.,New India Assura,189.95,30.17,31303.76,1.11,356.16,14.57,11664.22,-0.19,3.56
254.,ITI,323.65,,31099.16,0.00,-4.84,71.85,1045.70,73.91,-1.33
255.,AIA Engineering,3291.10,29.25,31041.79,0.49,285.35,9.50,1157.04,0.59,19.09
256.,Aster DM Health.,592.00,76.89,30672.73,0.70,85.54,136.09,1000.34,2.75,10.68
257.,Global Health,1129.05,58.48,30324.87,0.00,101.38,7.96,931.25,15.16,19.52
258.,IRB Infra.Devl.,49.74,30.04,30037.98,0.61,214.72,13.68,2149.24,4.27,7.82
259.,Sona BLW Precis.,480.00,48.62,29842.42,0.65,163.68,11.86,864.75,-2.19,18.72
260.,Bandhan Bank,181.90,10.70,29303.60,0.83,317.90,481.91,5433.86,4.71,7.83
261.,Gland Pharma,1778.15,41.99,29296.13,1.12,186.54,-3.06,1424.91,-7.32,11.90
262.,Indraprastha Gas,208.70,17.05,29218.03,2.13,453.21,4.60,3950.84,9.84,21.43
263.,Delhivery,389.00,173.70,29030.40,0.00,72.56,234.84,2191.57,5.59,2.72
264.,Apollo Tyres,451.75,23.06,28690.69,1.11,184.62,-30.09,6423.59,2.64,11.38
265.,Tata Technolog.,700.10,41.97,28400.80,1.18,188.87,20.12,1285.65,-1.18,25.80
266.,Brigade Enterpr.,1158.80,41.66,28324.28,0.18,249.35,19.76,1460.39,-14.21,13.38
267.,PNB Housing,1085.00,14.49,28224.54,0.00,567.11,27.79,2029.94,12.73,9.45
268.,Aegis Logistics,797.55,42.19,27994.03,0.25,317.81,43.50,1705.04,-7.19,13.22
269.,J B Chemicals &,1793.55,42.43,27989.97,0.69,145.69,15.48,949.48,10.18,26.62
270.,Wockhardt,1716.25,,27886.60,0.00,-45.00,80.39,743.00,6.14,3.75
271.,Reliance Power,66.69,,27581.47,0.00,125.57,133.30,1978.01,-0.93,6.05
272.,Firstsour.Solu.,389.50,46.85,27538.73,0.99,160.69,20.37,2161.46,29.39,14.78
273.,Inventurus Knowl,1595.00,56.32,27365.92,0.00,147.80,132.50,723.96,16.78,27.22
274.,Affle 3i,1942.00,71.50,27292.20,0.00,103.07,17.81,602.25,18.97,16.82
275.,Nuvama Wealth,7508.00,27.38,27032.31,1.94,255.27,41.24,1119.81,20.56,20.41
,Median: 501 Co.,897.0,42.18,31594.52,0.45,211.0,14.87,2060.64,10.6,15.99
276.,Piramal Pharma,201.95,294.60,26844.12,0.07,153.50,33.64,2754.07,7.90,6.53
277.,Deepak Nitrite,1942.40,37.95,26493.06,0.40,202.50,3.35,2179.69,2.52,16.61
278.,Motherson Wiring,59.88,43.66,26473.61,1.44,164.93,-13.85,2509.52,12.40,42.54
279.,A B Real Estate,2355.00,,26304.32,0.21,-135.20,-162.95,394.76,-51.52,-0.12
280.,Syngene Intl.,650.75,55.52,26221.26,0.20,183.30,-2.81,1018.00,11.03,13.46
281.,Krishna Institu.,654.50,69.52,26189.09,0.00,106.10,43.82,796.90,25.73,15.14
282.,Bayer Crop Sci.,5745.55,45.48,25821.69,2.46,143.30,49.27,1046.40,32.07,24.76
283.,Angel One,2850.90,22.01,25794.26,1.65,174.52,-48.66,1056.01,-22.20,25.80
284.,Jyoti CNC Auto.,1130.80,79.62,25716.98,0.00,108.97,9.36,575.68,27.89,24.35
285.,Pfizer,5619.00,40.19,25705.63,0.64,330.94,10.89,591.91,8.28,21.58
286.,Piramal Enterp.,1126.35,58.34,25531.86,0.98,102.44,107.42,2853.55,15.37,6.78
287.,Sumitomo Chemi.,511.20,50.88,25516.31,0.17,98.41,-9.95,664.80,0.06,25.11
288.,Timken India,3377.00,56.79,25401.35,0.07,186.83,32.10,939.79,4.68,21.00
289.,Emcure Pharma,1333.00,36.71,25261.47,0.00,197.24,69.53,2116.25,19.47,20.82
290.,Star Health Insu,429.75,39.06,25260.93,0.00,0.51,-99.64,4081.25,10.65,11.93
291.,ZF Commercial,13295.00,54.97,25207.31,0.13,125.19,23.86,1003.19,4.99,20.20
292.,Hindustan Copper,259.00,53.45,25045.94,0.36,190.54,53.28,731.40,29.37,23.99
293.,Emami,569.75,31.06,24869.65,1.42,162.17,10.51,963.05,8.06,33.86
294.,M R P L,141.20,440.27,24746.74,2.15,370.63,-67.60,24595.87,-2.89,4.33
295.,K E C Intl.,928.15,43.32,24707.32,0.43,268.20,76.74,6872.12,11.47,16.00
296.,Welspun Corp,935.10,16.32,24613.91,0.54,699.19,15.46,3924.97,-12.02,25.62
297.,The Ramco Cement,1040.35,240.70,24582.66,0.24,25.65,-84.57,2397.27,-10.49,4.76
298.,Tata Chemicals,941.90,91.20,23995.86,1.20,-49.00,-114.13,3509.00,0.98,3.96
299.,Redington,306.70,20.35,23977.04,2.19,917.74,-6.50,26439.68,17.86,17.87
300.,JSW Holdings,21200.00,120.16,23532.01,0.00,9.72,-70.80,29.46,9.15,0.82
,Median: 501 Co.,897.0,42.18,31594.52,0.45,211.0,14.87,2060.64,10.6,15.99
301.,Shyam Metalics,841.70,25.88,23494.55,0.53,220.15,1.02,4139.36,14.78,12.05
302.,Sun TV Network,593.95,13.42,23406.63,2.85,371.77,-0.34,940.59,-2.15,20.45
303.,Navin Fluo.Intl.,4690.75,80.59,23264.17,0.26,94.96,34.94,700.94,16.44,11.68
304.,SKF India,4688.20,40.97,23177.49,0.30,202.77,15.99,1213.37,0.83,28.83
305.,Amber Enterp.,6835.00,95.10,23158.98,0.00,118.42,22.60,3753.70,33.80,14.42
306.,Dr Lal Pathlabs,2762.00,47.33,23138.84,0.88,155.50,83.20,602.60,10.49,28.88
307.,Manappuram Fin.,273.30,19.75,23133.05,1.32,-203.18,-134.04,2359.73,0.50,11.04
308.,KFin Technolog.,1337.00,69.26,23019.98,0.44,85.05,14.21,282.70,23.81,34.21
309.,Crompton Gr. Con,355.50,41.18,22888.96,0.86,171.74,27.02,2060.64,5.08,19.01
310.,Inox Wind,175.20,51.16,22842.46,0.00,190.34,293.49,1274.82,141.57,11.47
311.,CESC,172.25,16.68,22832.90,2.59,385.00,-6.75,3877.00,14.47,10.88
312.,EIH,364.40,29.98,22788.29,0.43,261.62,26.50,827.45,11.62,23.19
313.,Chambal Fert.,560.00,13.63,22436.50,1.32,130.31,34.65,2448.73,-7.35,27.87
314.,Aditya AMC,776.10,24.07,22395.69,1.69,228.08,9.45,428.84,17.31,35.50
315.,Himadri Special,452.70,40.29,22353.45,0.14,155.46,34.99,1134.64,-3.59,22.01
316.,PTC Industries,14855.00,360.44,22258.91,0.00,24.57,69.57,121.92,68.37,7.75
317.,Five-Star Bus.Fi,755.30,20.73,22239.00,0.00,279.12,18.24,752.27,22.06,16.31
318.,Poly Medicure,2189.75,65.54,22187.78,0.14,91.83,34.33,440.83,16.60,20.24
319.,ERIS Lifescience,1624.10,62.85,22119.80,0.46,102.35,32.11,705.30,28.02,12.25
320.,Astrazeneca Phar,8830.00,126.11,22075.00,0.27,58.25,57.73,480.48,25.39,33.44
321.,BASF India,5012.95,47.34,21698.87,0.40,27.01,-87.13,3286.71,-2.18,17.56
322.,Atul,7360.15,44.75,21669.58,0.36,130.13,116.57,1451.64,19.76,12.72
323.,PG Electroplast,760.05,74.80,21535.81,0.03,145.23,108.81,1909.86,77.40,19.36
324.,Kalpataru Proj.,1230.00,37.35,21005.08,0.74,218.17,32.75,7066.77,18.35,15.95
325.,Cams Services,4223.85,49.45,20882.68,1.45,106.08,9.41,336.44,17.20,54.75
,Median: 501 Co.,897.0,42.18,31594.52,0.45,211.0,14.87,2060.64,10.6,15.99
326.,Castrol India,211.10,22.10,20880.39,4.03,233.46,7.96,1422.00,7.30,55.16
327.,Devyani Intl.,172.40,,20829.69,0.00,-16.77,-97.32,1212.59,15.81,6.28
328.,Sundram Fasten.,985.05,38.34,20698.70,0.74,124.49,-6.83,1530.59,4.37,17.14
329.,IIFL Finance,483.30,36.22,20533.44,0.85,251.36,-44.38,2591.25,-9.20,8.76
330.,Deepak Fertiliz.,1606.05,21.78,20274.46,0.54,277.86,23.15,2667.35,27.85,16.02
331.,Chalet Hotels,915.30,140.35,19998.46,0.00,123.84,50.22,521.97,24.80,11.30
332.,Sagility India,42.57,37.02,19928.36,0.00,182.57,127.62,1568.48,22.23,9.48
333.,Karur Vysya Bank,247.50,10.26,19925.48,0.95,513.36,12.55,2515.93,15.04,7.39
334.,Kansai Nerolac,244.00,33.36,19727.18,1.02,102.43,-10.38,1816.65,2.67,13.03
335.,Anant Raj,569.00,45.95,19531.48,0.14,118.79,51.46,540.65,22.16,11.17
336.,Vedant Fashions,803.30,50.20,19516.13,1.08,101.11,-12.68,367.44,1.18,26.66
337.,Triveni Turbine,612.65,54.52,19474.74,0.43,94.60,23.55,538.00,17.44,44.22
338.,Zensar Tech.,851.90,29.79,19351.92,1.08,176.40,1.79,1358.90,10.51,22.03
339.,CreditAcc. Gram.,1205.00,36.22,19248.51,0.85,47.21,-88.11,1406.63,-3.49,9.52
340.,Ircon Intl.,203.30,26.30,19120.65,1.48,211.78,-14.52,3412.07,-9.90,12.10
341.,Aadhar Hsg. Fin.,442.15,20.95,19103.49,0.00,244.84,21.35,832.61,20.35,11.42
342.,Ola Electric,43.25,,19076.89,0.00,-870.00,-109.13,611.00,-61.76,-28.10
343.,Alembic Pharma,970.25,33.57,19071.53,1.17,156.63,-12.11,1769.64,16.66,13.05
344.,Concord Biotech,1818.85,51.23,19028.11,0.49,140.39,47.75,429.88,34.77,29.54
345.,Schneider Elect.,790.15,74.26,18892.44,0.00,54.61,1606.56,586.89,24.41,39.66
346.,EID Parry,1061.05,25.12,18863.14,0.41,539.44,-31.34,6811.12,22.57,17.35
347.,Jubilant Pharmo,1183.80,33.88,18857.87,0.46,151.30,16210.18,1928.80,9.68,9.54
348.,DCM Shriram,1205.00,31.12,18791.03,0.56,178.91,51.88,2876.76,19.90,11.67
349.,Carborundum Uni.,976.70,51.98,18598.52,0.40,30.10,-78.39,1217.12,1.33,15.99
350.,BEML Ltd,4438.90,63.17,18485.55,0.46,287.55,11.97,1652.53,9.18,15.65
,Median: 501 Co.,895.65,42.15,31573.72,0.45,211.0,14.87,2060.64,10.6,15.99
351.,Guj.St.Petronet,320.25,16.24,18068.86,1.56,352.25,-50.56,4290.52,-5.33,15.04
352.,Bikaji Foods,714.50,92.12,17904.85,0.14,39.92,-65.66,613.62,-0.14,18.07
353.,Amara Raja Ener.,970.00,20.19,17753.48,1.02,166.81,-26.85,2973.85,6.33,16.90
354.,Brainbees Solut.,339.75,,17722.50,0.00,-111.53,-19.62,1930.32,15.81,-0.40
355.,SignatureGlobal,1252.85,174.16,17603.91,0.00,61.13,48.26,520.43,-25.05,7.56
356.,Techno Elec.Engg,1507.00,46.38,17526.37,0.45,134.65,73.65,815.79,85.57,16.53
357.,Whirlpool India,1381.10,49.50,17522.25,0.36,119.47,26.11,2004.67,15.61,12.99
358.,Kirl. Brothers,2201.45,41.60,17481.41,0.36,137.80,-9.26,1281.30,4.70,28.18
359.,Kajaria Ceramics,1095.55,51.06,17449.12,1.10,43.18,-30.68,1221.85,1.13,16.81
360.,Nava,593.25,15.84,17216.18,0.35,302.84,13.69,1018.20,10.21,17.17
361.,eClerx Services,3503.30,31.72,17175.01,0.03,152.51,17.15,898.29,17.19,29.08
362.,IFCI,63.64,99.96,17146.51,0.00,260.43,73.35,413.61,-31.68,8.08
363.,Anand Rathi Wea.,2065.00,57.23,17143.76,0.50,73.73,29.77,221.96,20.45,56.26
364.,Aarti Industries,471.50,51.97,17092.84,0.22,96.00,-27.27,1949.00,9.93,6.45
365.,Zen Technologies,1891.25,60.86,17076.17,0.05,113.75,203.34,324.97,129.84,36.71
366.,Asahi India Glas,698.45,49.27,16979.32,0.29,91.54,24.97,1179.85,6.77,12.64
367.,Elgi Equipments,533.50,48.26,16907.08,0.42,102.00,33.79,992.90,14.66,21.83
368.,Indian Energy Ex,188.75,40.62,16830.69,1.57,111.99,17.76,141.26,16.47,53.61
369.,Capri Global,173.90,34.95,16722.80,0.08,177.74,115.21,957.33,47.59,11.18
370.,V-Guard Industri,382.00,53.08,16654.99,0.40,91.13,19.64,1538.08,14.55,19.72
371.,Century Plyboard,738.50,84.90,16407.46,0.14,53.15,-33.08,1198.33,12.97,10.36
372.,Newgen Software,1155.70,51.93,16367.61,0.45,108.34,2.92,429.89,14.55,28.62
373.,UTI AMC,1277.25,22.34,16355.38,1.87,101.99,-46.26,375.91,-9.65,21.02
374.,HBL Engineering,589.75,58.99,16347.51,0.08,44.75,-53.53,475.58,-22.05,26.30
375.,Sobha,1524.50,172.13,16300.61,0.20,40.86,481.22,1240.62,62.63,6.44
,Median: 501 Co.,895.65,42.15,31573.72,0.45,211.0,14.87,2060.64,10.6,15.99
376.,Jupiter Wagons,381.90,43.54,16211.53,0.26,97.33,-6.61,1002.04,-9.96,21.60
377.,Aptus Value Hou.,323.00,21.50,16144.31,1.41,207.03,26.21,484.04,29.24,15.04
378.,Afcons Infrastr.,437.50,33.04,16090.57,0.00,110.92,-23.45,3223.27,-11.36,19.51
379.,Indiamart Inter.,2671.50,30.35,16037.62,1.12,180.60,81.33,355.10,12.84,34.24
380.,Caplin Point Lab,2098.10,29.77,15948.03,0.25,145.28,17.60,502.45,10.86,25.85
381.,Clean Science,1498.40,60.21,15923.04,0.34,74.09,5.44,263.68,15.89,27.22
382.,Natco Pharma,882.00,8.47,15797.55,1.08,406.00,5.10,1221.00,14.29,32.80
383.,Sai Life,754.25,90.76,15745.24,0.00,89.94,46.24,567.01,32.62,13.93
384.,PCBL Chemical,415.85,36.08,15696.79,1.33,100.19,-9.73,2087.49,8.23,11.86
385.,Bata India,1219.00,65.40,15667.50,1.00,45.92,-27.86,788.21,-1.21,14.62
386.,Trident,30.68,42.33,15634.69,1.64,133.42,135.40,1864.34,10.82,9.52
387.,Data Pattern,2785.00,70.35,15591.56,0.22,114.08,60.45,396.21,117.35,21.63
388.,L T Foods,448.10,25.70,15560.37,0.43,160.52,7.91,2228.36,7.40,19.23
389.,International Ge,359.40,36.33,15531.76,0.67,140.73,11.62,304.78,9.62,68.01
390.,Sarda Energy,440.25,22.12,15513.57,0.23,100.38,13.40,1238.84,39.31,15.58
391.,Jindal Saw,242.15,10.50,15485.71,0.82,86.92,-81.91,5046.59,-6.98,19.37
392.,Intellect Design,1113.20,46.56,15468.18,0.37,136.40,58.43,725.91,18.29,16.64
393.,Neuland Labs.,12022.80,76.10,15425.09,0.10,27.81,-58.84,328.36,-14.71,18.18
394.,R R Kabel,1346.00,48.83,15219.58,0.43,129.13,64.04,2217.84,26.44,20.23
395.,BLS Internat.,369.55,29.92,15215.86,0.27,145.22,67.34,692.77,54.74,32.90
396.,Doms Industries,2505.15,75.11,15203.18,0.10,51.28,7.24,508.73,26.00,26.15
397.,Niva Bupa Health,82.13,70.94,15153.40,0.00,206.08,31.21,1670.79,27.00,6.75
398.,JBM Auto,637.00,74.60,15064.70,0.12,72.03,19.00,1645.70,10.75,14.18
399.,Rainbow Child.,1477.00,63.12,14999.17,0.21,56.56,10.54,370.11,8.50,18.69
400.,ACME Solar Hold.,247.85,56.30,14997.11,0.08,122.07,980.72,486.89,64.96,8.40
,Median: 501 Co.,895.65,42.15,31573.72,0.45,211.0,14.87,2060.64,10.6,15.99
401.,Blue Dart Expres,6300.00,59.24,14949.91,0.40,55.15,-29.09,1417.32,7.14,17.16
402.,AAVAS Financiers,1876.00,25.84,14849.80,0.00,153.68,7.75,636.21,16.52,10.10
403.,JM Financial,154.50,19.01,14768.83,1.69,235.02,782.36,1003.92,-20.37,9.39
404.,City Union Bank,199.00,13.09,14746.11,0.78,287.96,13.01,1532.72,11.54,6.86
405.,CEAT,3641.20,29.84,14728.64,0.83,98.71,-11.12,3420.62,14.33,15.04
406.,Godrej Agrovet,762.85,36.38,14671.81,1.31,66.10,15.70,2133.64,-0.03,16.49
407.,T R I L,488.70,69.28,14669.13,0.04,94.20,129.45,676.48,31.94,27.97
408.,Action Const.Eq.,1217.10,35.39,14493.64,0.17,118.56,20.44,960.99,14.97,40.28
409.,RBL Bank,236.55,20.08,14406.18,0.63,86.99,-76.13,3476.60,4.12,6.07
410.,Cyient,1295.80,23.36,14389.88,2.31,186.40,-9.94,1909.20,2.60,16.66
411.,Elecon Engg.Co,640.80,34.77,14379.51,0.32,146.48,41.32,797.57,41.26,28.46
412.,Finolex Cables,938.30,20.46,14350.34,0.86,191.71,3.01,1594.58,13.82,17.64
413.,Home First Finan,1386.90,37.42,14307.85,0.28,104.69,25.42,414.66,32.58,11.35
414.,NCC,227.75,17.39,14299.24,0.97,265.07,-2.14,6130.88,-5.46,22.12
415.,Mahanagar Gas,1444.10,13.64,14264.45,2.07,252.19,-4.83,1864.85,19.00,24.48
416.,TBO Tek,1302.00,64.48,14138.16,0.00,58.91,10.84,446.13,20.88,26.35
417.,Vardhman Textile,488.50,15.95,14128.74,0.82,237.88,18.31,2508.57,2.00,11.23
418.,GE Shipping Co,984.20,6.00,14051.13,3.01,363.09,-56.85,1223.04,-18.32,16.93
419.,Zee Entertainmen,146.15,18.46,14037.96,0.64,188.40,1144.88,2184.10,0.65,9.21
420.,Indegene,581.15,33.50,13951.55,0.34,117.60,26.32,755.60,12.27,24.80
421.,Swan Energy,443.70,18.47,13908.09,0.02,-22.35,-163.40,855.75,-38.78,14.29
422.,Railtel Corpn.,423.00,43.07,13575.69,0.66,113.45,55.13,1308.28,57.11,21.78
423.,Welspun Living,139.30,21.18,13537.32,1.19,132.80,0.97,2645.90,2.74,14.44
424.,Finolex Inds.,217.20,29.60,13476.80,1.15,150.26,-6.92,1171.81,-5.15,10.16
425.,Bombay Burmah,1928.00,11.96,13452.01,0.89,584.78,0.77,4518.82,8.58,35.46
,Median: 501 Co.,895.65,42.15,31573.72,0.45,211.0,14.87,2060.64,10.6,15.99
426.,Rites,279.30,34.90,13423.16,4.07,141.33,5.24,615.43,-4.32,20.81
427.,Engineers India,234.35,22.79,13171.47,1.27,279.81,142.22,1010.23,25.47,25.42
428.,Gravita India,1772.40,41.93,13081.79,0.35,94.92,37.61,1037.07,20.11,21.63
429.,Tata Tele. Mah.,66.82,,13062.82,0.00,-306.42,1.44,308.27,-4.65,50.32
430.,Craftsman Auto,5454.50,61.33,13012.02,0.10,66.76,19.75,1749.25,58.25,11.74
431.,G M D C,404.15,18.77,12851.97,2.29,226.22,20.82,786.28,4.80,14.17
432.,HFCL,87.26,72.64,12588.82,0.24,-83.30,-174.47,800.72,-39.62,7.67
433.,Titagarh Rail,928.00,45.43,12497.75,0.09,64.45,-20.17,1005.57,-4.45,16.56
434.,Godawari Power,185.35,15.27,12404.72,0.55,221.67,1.24,1468.08,-4.04,23.29
435.,Kirloskar Oil,854.15,27.59,12404.69,0.69,126.56,-17.34,1752.89,5.59,14.01
436.,Jyothy Labs,337.50,33.15,12393.53,1.03,76.27,1.52,666.96,1.06,25.13
437.,JP Power Ven.,18.06,15.21,12377.39,0.00,155.67,-82.53,1340.91,-11.48,10.26
438.,Birlasoft Ltd,445.25,23.93,12373.09,1.48,122.11,-32.19,1316.89,-3.35,21.29
439.,Alivus Life,1006.55,25.51,12343.25,2.22,141.87,44.85,649.55,21.05,25.14
440.,Ramkrishna Forg.,681.00,37.23,12335.73,0.30,199.83,206.11,947.21,-2.75,6.93
441.,Tejas Networks,696.60,27.55,12303.38,0.36,-71.80,-148.92,1906.94,43.72,15.47
442.,Minda Corp,512.35,47.97,12249.22,0.27,52.03,-26.46,1321.26,8.75,12.73
443.,Valor Estate,226.65,,12204.38,0.00,-1.54,76.45,645.08,347.29,-1.38
444.,J & K Bank,109.85,5.81,12096.44,1.89,581.91,-8.13,3213.39,10.41,6.15
445.,Balrampur Chini,596.35,27.54,12040.40,0.50,229.12,12.65,1503.68,4.84,11.08
446.,Granules India,494.35,24.97,11995.04,0.31,152.03,0.96,1197.43,1.84,15.09
447.,Alkyl Amines,2335.65,64.08,11943.71,0.44,46.02,19.69,386.05,8.25,18.66
448.,Sammaan Capital,143.25,,11866.26,1.37,324.04,1.20,2107.43,-4.41,3.64
449.,Jubilant Ingrev.,739.70,46.90,11782.02,0.68,74.05,153.16,1051.26,-2.16,11.14
450.,Westlife Food,750.00,962.54,11695.20,0.47,1.52,100.00,603.14,7.27,6.71
,Median: 501 Co.,895.65,42.15,31573.72,0.45,211.0,14.87,2060.64,10.6,15.99
451.,Sonata Software,414.00,27.37,11609.72,1.94,107.53,-2.56,2617.20,19.42,29.08
452.,SBFC Finance,106.50,33.57,11595.91,0.00,94.40,28.56,360.58,29.33,11.55
453.,NMDC Steel,39.47,,11567.12,0.00,-473.39,45.01,2838.25,53.77,-12.97
454.,CCL Products,847.85,36.50,11321.14,0.53,101.87,56.19,835.85,15.02,13.14
455.,Lemon Tree Hotel,139.10,56.04,11020.11,0.00,108.14,26.37,378.52,15.65,12.71
456.,Graphite India,558.15,23.77,10904.94,1.98,49.00,206.25,666.00,-7.50,10.18
457.,Inox India,1199.85,49.34,10890.26,0.17,65.51,48.62,369.40,33.59,37.98
458.,MMTC,71.33,109.70,10699.50,0.00,2.23,-97.21,0.23,-64.06,7.69
459.,Sapphire Foods,327.05,378.91,10510.81,0.00,2.02,132.83,711.34,12.61,5.78
460.,Netweb Technol.,1844.80,91.25,10451.48,0.11,42.99,44.94,414.65,55.95,32.57
461.,Can Fin Homes,782.70,12.14,10421.98,0.75,233.92,11.91,998.58,7.74,9.34
462.,S C I,223.50,12.33,10410.64,0.23,185.14,-39.75,1325.19,-6.18,9.89
463.,India Cements,331.95,,10287.01,0.00,18.02,27.13,1197.30,-3.11,-4.22
464.,Honasa Consumer,314.00,159.31,10210.75,0.00,22.64,-15.24,479.28,12.20,7.44
465.,Usha Martin,334.80,25.12,10202.76,0.82,100.91,-5.03,896.08,8.09,18.81
466.,C P C L,668.20,46.48,9950.22,8.22,469.93,-25.16,17249.12,-2.66,4.30
467.,RHI Magnesita,481.80,49.17,9949.21,0.52,36.18,-11.73,917.97,-2.68,7.01
468.,Vijaya Diagnost.,964.15,68.84,9900.58,0.11,34.87,5.81,173.24,11.62,21.68
469.,Mah. Seamless,737.60,12.74,9883.26,1.38,242.26,10.89,1417.77,16.70,16.62
470.,Happiest Minds,648.35,51.26,9872.75,0.93,34.00,-33.96,544.57,30.50,15.26
471.,Olectra Greentec,1189.70,70.18,9765.18,0.03,20.68,50.84,448.92,55.44,20.39
472.,JK Tyre & Indust,355.85,18.89,9751.00,1.26,98.66,-46.94,3758.60,1.63,12.78
473.,Alok Industries,19.58,,9721.97,0.00,-74.47,21.98,952.96,-35.14,-4.79
474.,Saregama India,502.00,48.32,9689.06,0.87,59.86,4.50,240.82,-8.45,18.05
475.,C.E. Info System,1764.20,65.28,9600.78,0.20,49.02,28.02,143.55,34.28,27.72
,Median: 501 Co.,895.65,42.15,31573.72,0.45,211.0,14.87,2060.64,10.6,15.99
476.,Syrma SGS Tech.,539.00,55.83,9571.83,0.28,71.46,87.29,932.40,-18.39,12.41
477.,HEG,495.00,83.05,9552.41,0.90,-73.67,-323.85,542.25,-0.85,3.96
478.,PVR Inox,964.80,,9474.35,0.00,-125.30,3.47,1249.80,-0.53,2.86
479.,Netwrk.18 Media,61.25,,9444.72,0.00,-29.09,82.72,561.32,-76.80,0.61
480.,Praj Industries,502.00,46.20,9227.41,1.19,39.81,-56.70,859.68,-15.60,19.15
481.,Aditya Bir. Fas.,74.81,,9128.80,0.00,-23.55,53.46,1719.48,9.17,-2.40
482.,Akums Drugs,575.60,27.77,9059.64,0.00,149.61,457.61,1055.55,11.79,16.37
483.,Metropolis Healt,1707.00,61.02,8842.58,0.24,29.23,-19.97,345.29,4.32,14.77
484.,Cera Sanitary.,6782.50,35.79,8821.26,0.97,85.58,15.62,577.97,5.73,22.39
485.,Tanla Platforms,653.50,17.37,8797.32,1.86,117.33,-9.91,1024.36,1.87,29.12
486.,R C F,158.00,36.44,8716.68,0.77,72.46,-17.13,3729.67,-3.87,7.50
487.,Campus Activewe.,284.40,71.68,8687.18,0.25,35.03,6.96,405.71,11.50,20.10
488.,Triven.Engg.Ind.,392.90,36.06,8600.49,0.91,187.12,13.64,1629.29,25.12,8.62
489.,Latent View,412.70,49.14,8521.07,0.00,51.26,13.31,232.18,35.27,15.88
490.,RattanIndia Ent,59.69,102.18,8250.69,0.00,-358.51,-337.80,1504.56,16.25,12.70
491.,G N F C,554.20,13.71,8143.48,2.98,211.00,62.31,2055.00,-2.61,9.57
492.,Guj Pipavav Port,161.95,19.60,7829.34,4.44,109.04,8.52,251.77,0.20,24.88
493.,Just Dial,919.30,13.44,7818.18,0.00,157.60,222.22,289.20,7.00,15.31
494.,PNC Infratech,302.50,9.57,7760.31,0.21,75.44,-80.94,1704.11,-34.46,14.31
495.,Mastek,2500.00,20.93,7736.60,0.75,81.07,-5.31,905.42,16.12,17.47
496.,Sterling & Wils.,316.65,90.76,7393.69,0.00,55.01,3829.29,2519.11,113.84,15.99
497.,Sh.Renuka Sugar,33.20,,7066.56,0.00,93.10,182.52,2691.30,-20.28,10.46
498.,Raymond Lifestyl,1099.70,102.97,6699.78,0.00,-44.95,-133.98,1494.15,-11.30,2.86
499.,KNR Construct.,231.30,5.85,6505.00,0.12,7.60,-76.14,975.21,-31.03,29.18
500.,Route Mobile,989.20,18.72,6231.66,1.14,60.28,-15.20,1175.00,15.53,17.71
,Median: 501 Co.,895.65,42.15,31573.72,0.45,211.0,14.87,2060.64,10.6,15.99
501.0,Raymond,601.25,76.99,4002.77,1.68,137.47,-6.28,557.46,109.67,2.03
,Median: 501 Co.,893.85,42.15,31649.99,0.45,211.0,14.87,2060.64,10.6,15.99
